Bosnia and Herzegovina,2006, Vermont
Bosnia and Herzegovina,2007, Vermont
Bosnia and Herzegovina,2008, Vermont
Bosnia and Herzegovina,2006, Kentucky
Bosnia and Herzegovina,2007, Kentucky
Bosnia and Herzegovina,2008, Kentucky
Bosnia and Herzegovina,2006, Missouri
Bosnia and Herzegovina,2007, Missouri
Bosnia and Herzegovina,2008, Missouri
Bosnia and Herzegovina,2009, Missouri
Bosnia and Herzegovina,2011, Missouri
Bosnia and Herzegovina,2006, New Hampshire
Bosnia and Herzegovina,2006, North Dakota
Bosnia and Herzegovina,2007, North Dakota
Bosnia and Herzegovina,2008, North Dakota
Bosnia and Herzegovina,2009, North Dakota
Brazil,2011, Massachusetts
Canada,2006, Montana
Canada,2007, Montana
Canada,2008, Montana
Canada,2009, Montana
Canada,2011, Montana
Canada,2010, Montana
Canada,2009, Vermont
Canada,2011, Vermont
Canada,2010, Vermont
Canada,2008, Maine
China,2010, New York
Cuba,2006, Florida
Cuba,2007, Florida
Cuba,2008, Florida
Cuba,2009, Florida
Cuba,2011, Florida
Cuba,2010, Florida
Dominica,2008, U.S. Possessions
Dominica,2011, U.S. Possessions
Dominican Republic,2006, Massachusetts
Dominican Republic,2007, Massachusetts
Dominican Republic,2008, Massachusetts
Dominican Republic,2009, Massachusetts
Dominican Republic,2006, U.S. Possessions
Dominican Republic,2007, U.S. Possessions
Dominican Republic,2009, U.S. Possessions
Dominican Republic,2008, Puerto Rico
Dominican Republic,2009, Puerto Rico
Dominican Republic,2011, Puerto Rico
Dominican Republic,2010, Puerto Rico
Dominican Republic,2006, New York
Dominican Republic,2007, New York
Dominican Republic,2008, New York
Dominican Republic,2009, New York
Dominican Republic,2011, New York
Dominican Republic,2006, Rhode Island
Dominican Republic,2007, Rhode Island
Dominican Republic,2008, Rhode Island
Dominican Republic,2009, Rhode Island
Dominican Republic,2011, Rhode Island
Dominican Republic,2010, Rhode Island
El Salvador,2007, District of Columbia
El Salvador,2008, District of Columbia
El Salvador,2008, Maryland
Ethiopia,2008, South Dakota
Ethiopia,2009, South Dakota
Ethiopia,2011, South Dakota
Ethiopia,2010, South Dakota
Ethiopia,2006, District of Columbia
Ethiopia,2009, District of Columbia
Ethiopia,2011, District of Columbia
Ethiopia,2010, District of Columbia
India,2006, Michigan
India,2007, Michigan
India,2008, Michigan
India,2009, Michigan
India,2010, Michigan
India,2006, Virginia
India,2007, Virginia
India,2008, Virginia
India,2009, Virginia
India,2011, Virginia
India,2010, Virginia
India,2006, North Carolina
India,2010, North Carolina
India,2007, Connecticut
India,2009, Connecticut
India,2011, Connecticut
India,2010, Connecticut
India,2010, Massachusetts
India,2006, Pennsylvania
India,2007, Pennsylvania
India,2008, Pennsylvania
India,2009, Pennsylvania
India,2011, Pennsylvania
India,2010, Pennsylvania
India,2006, Georgia
India,2009, Georgia
India,2011, Georgia
India,2010, Georgia
India,2009, Kentucky
India,2011, Kentucky
India,2010, Kentucky
India,2006, Alabama
India,2009, Alabama
India,2010, Alabama
India,2010, Missouri
India,2006, New Jersey
India,2007, New Jersey
India,2008, New Jersey
India,2009, New Jersey
India,2011, New Jersey
India,2010, New Jersey
India,2006, Ohio
India,2007, Ohio
India,2008, Ohio
India,2009, Ohio
India,2011, Ohio
India,2010, Ohio
India,2010, Washington
India,2006, Tennessee
India,2008, Tennessee
India,2009, Tennessee
India,2011, Tennessee
India,2010, Tennessee
India,2006, West Virginia
India,2007, West Virginia
India,2008, West Virginia
India,2009, West Virginia
India,2010, West Virginia
India,2007, New Hampshire
India,2008, New Hampshire
India,2009, New Hampshire
India,2011, New Hampshire
India,2010, New Hampshire
India,2006, South Carolina
India,2007, South Carolina
India,2008, South Carolina
India,2009, South Carolina
India,2011, South Carolina
India,2010, South Carolina
India,2006, Maryland
India,2007, Maryland
India,2009, Maryland
India,2010, Maryland
India,2006, Mississippi
India,2007, Mississippi
India,2010, Mississippi
India,2006, Delaware
India,2007, Delaware
India,2008, Delaware
India,2009, Delaware
India,2011, Delaware
India,2010, Delaware
India,2010, Indiana
Iraq,2011, Michigan
Jamaica,2006, Connecticut
Jamaica,2008, Connecticut
Mexico,2006, Iowa
Mexico,2007, Iowa
Mexico,2008, Iowa
Mexico,2009, Iowa
Mexico,2011, Iowa
Mexico,2010, Iowa
Mexico,2006, Wisconsin
Mexico,2007, Wisconsin
Mexico,2008, Wisconsin
Mexico,2009, Wisconsin
Mexico,2011, Wisconsin
Mexico,2010, Wisconsin
Mexico,2006, Kansas
Mexico,2007, Kansas
Mexico,2008, Kansas
Mexico,2009, Kansas
Mexico,2011, Kansas
Mexico,2010, Kansas
Mexico,2006, Utah
Mexico,2007, Utah
Mexico,2008, Utah
Mexico,2009, Utah
Mexico,2011, Utah
Mexico,2010, Utah
Mexico,2007, North Carolina
Mexico,2008, North Carolina
Mexico,2009, North Carolina
Mexico,2011, North Carolina
Mexico,2007, Georgia
Mexico,2008, Georgia
Mexico,2006, Wyoming
Mexico,2007, Wyoming
Mexico,2008, Wyoming
Mexico,2009, Wyoming
Mexico,2011, Wyoming
Mexico,2010, Wyoming
Mexico,2006, Nebraska
Mexico,2007, Nebraska
Mexico,2008, Nebraska
Mexico,2009, Nebraska
Mexico,2011, Nebraska
Mexico,2010, Nebraska
Mexico,2006, New Mexico
Mexico,2007, New Mexico
Mexico,2008, New Mexico
Mexico,2009, New Mexico
Mexico,2011, New Mexico
Mexico,2010, New Mexico
Mexico,2007, Alabama
Mexico,2008, Alabama
Mexico,2011, Alabama
Mexico,2006, Colorado
Mexico,2007, Colorado
Mexico,2008, Colorado
Mexico,2009, Colorado
Mexico,2011, Colorado
Mexico,2010, Colorado
Mexico,2006, Arizona
Mexico,2007, Arizona
Mexico,2008, Arizona
Mexico,2009, Arizona
Mexico,2011, Arizona
Mexico,2010, Arizona
Mexico,2006, Washington
Mexico,2007, Washington
Mexico,2008, Washington
Mexico,2009, Washington
Mexico,2011, Washington
Mexico,2006, California
Mexico,2007, California
Mexico,2008, California
Mexico,2009, California
Mexico,2011, California
Mexico,2010, California
Mexico,2007, Tennessee
Mexico,2006, Nevada
Mexico,2007, Nevada
Mexico,2008, Nevada
Mexico,2009, Nevada
Mexico,2011, Nevada
Mexico,2006, Oregon
Mexico,2007, Oregon
Mexico,2008, Oregon
Mexico,2009, Oregon
Mexico,2011, Oregon
Mexico,2010, Oregon
Mexico,2011, Mississippi
Mexico,2006, Oklahoma
Mexico,2007, Oklahoma
Mexico,2008, Oklahoma
Mexico,2009, Oklahoma
Mexico,2011, Oklahoma
Mexico,2010, Oklahoma
Mexico,2006, Illinois
Mexico,2007, Illinois
Mexico,2008, Illinois
Mexico,2009, Illinois
Mexico,2011, Illinois
Mexico,2010, Illinois
Mexico,2006, Texas
Mexico,2007, Texas
Mexico,2008, Texas
Mexico,2009, Texas
Mexico,2011, Texas
Mexico,2010, Texas
Mexico,2006, Arkansas
Mexico,2007, Arkansas
Mexico,2008, Arkansas
Mexico,2009, Arkansas
Mexico,2011, Arkansas
Mexico,2010, Arkansas
Mexico,2006, Indiana
Mexico,2007, Indiana
Mexico,2008, Indiana
Mexico,2009, Indiana
Mexico,2011, Indiana
Mexico,2006, Idaho
Mexico,2007, Idaho
Mexico,2008, Idaho
Mexico,2009, Idaho
Mexico,2011, Idaho
Mexico,2010, Idaho
Nigeria,2011, Maryland
Philippines,2006, Hawaii
Philippines,2007, Hawaii
Philippines,2008, Hawaii
Philippines,2009, Hawaii
Philippines,2011, Hawaii
Philippines,2010, Hawaii
Philippines,2008, U.S. Armed Services Posts
Philippines,2009, U.S. Armed Services Posts
Philippines,2011, U.S. Armed Services Posts
Philippines,2008, Guam
Philippines,2009, Guam
Philippines,2011, Guam
Philippines,2010, Guam
Philippines,2011, West Virginia
Philippines,2010, Nevada
Philippines,2010, North Dakota
Philippines,2006, Alaska
Philippines,2007, Alaska
Philippines,2008, Alaska
Philippines,2009, Alaska
Philippines,2011, Alaska
Philippines,2010, Alaska
Somalia,2006, Maine
Somalia,2007, Maine
Somalia,2009, Maine
Somalia,2011, Maine
Somalia,2010, Maine
Somalia,2011, North Dakota
Somalia,2006, Minnesota
Somalia,2007, Minnesota
Somalia,2008, Minnesota
Somalia,2009, Minnesota
Somalia,2011, Minnesota
Somalia,2010, Minnesota
Sudan,2006, South Dakota
Sudan,2007, South Dakota
Vietnam,2008, Mississippi
Vietnam,2009, Mississippi
Vietnam,2006, Louisiana
Vietnam,2007, Louisiana
Vietnam,2008, Louisiana
Vietnam,2009, Louisiana
Vietnam,2011, Louisiana
Vietnam,2010, Louisiana
